Date,13080997,21477868,22046232,22096698,22450777,22502629,22514635,22610715,22643737,22645853,22906053,23044632,23116803,23363770,23965533,24169781,24188220,24194964,24195480,24215457,24218340,24234591,24740055,24901873,25161407,25314343
Apr-1982,303.1,41.7,63.9,408.7,65.8,91.8,53.6,211.3,94,32.7,126.7,178.3,50.4,22.2,43,62.4,178,61.8,85.4,147.2,1250.2,257.9,17.3,34.9,310.2,58.2
May-1982,297.8,43.1,64,404.9,65.8,102.6,55.4,223.8,105.7,35.6,141.3,202.8,49.9,23.1,45.3,63.1,181.5,60.8,84.8,145.6,1300,257.4,18.1,34.6,310.1,62
Jun-1982,298,40.3,62.7,401,62.3,105,48.4,215.7,95.1,32.5,127.6,176.3,48,22.8,43.7,59.6,174.1,58.7,80.7,139.4,1234.2,261.2,18.1,34.6,313.9,53.8
Jul-1982,307.9,40.9,65.6,414.4,68.2,106,52.1,226.3,95.3,33.5,128.8,172.6,48.6,23.2,46.5,61.9,180.2,60.3,82.4,142.7,1265,266.1,18.9,35.2,320.2,57.9
Aug-1982,299.2,42.1,62.6,403.8,66,96.9,54.2,217.1,82.8,29.4,112.3,169.6,51.3,21.4,44.8,60.7,178.1,56.1,80.7,136.8,1217.6,247.2,19,33.8,300.1,59.2
Sep-1982,305.4,42,64.4,411.8,62.3,97.5,53.6,213.4,89.4,32.2,121.6,181.4,49.6,21.8,43.9,61.2,176.5,58.1,82.1,140.2,1244.9,262.4,18.4,35.4,316.2,57.1
Oct-1982,318,46.1,66,430.1,66.2,99.3,58,223.5,83.3,31.9,115.2,173.9,51.6,21,45.6,62.1,180.3,53.9,87.3,141.2,1264.2,285.4,20.9,38,344.3,66.9
Nov-1982,334.4,46.5,65.3,446.2,68.9,107.8,67.2,243.9,99.3,35,134.3,206.6,55.8,23.5,45.3,68.3,192.9,61.2,87.4,148.7,1372.6,291.9,22.4,38.2,352.5,78.1
Dec-1982,389.6,53.8,77.9,521.3,90.8,155.5,146.3,392.6,142.9,51.7,194.6,346.6,69.9,31.4,55,104,260.3,75.7,97.2,172.9,1888.3,334.6,29.7,43.9,408.2,87.5
Jan-1983,311.4,43.8,65.1,420.3,58,95.1,66.6,219.7,78.5,31.4,109.8,135.3,50.1,20.7,47.4,63.9,182.1,54.2,93,147.2,1214.5,270.7,22.9,36,329.6,58.8
Feb-1983,327.2,39.3,62.3,428.8,63.7,105.1,59.2,228,72.9,29.4,102.3,144.2,64.7,22.1,44,64.8,195.5,56.7,85.1,141.8,1240.6,278.4,20.8,35.4,334.6,59.7
Mar-1983,350.9,43.4,65.7,460,66,124.1,67.3,257.5,93.3,34.2,127.5,180.5,63.1,24.9,47.7,70,205.7,60.9,83.7,144.6,1375.7,303.8,23.5,39.1,366.4,71.6
Apr-1983,323.4,43.7,61.9,429,58.3,112.3,57.7,228.2,111.2,39.4,150.6,199.4,51.1,24.5,52.9,65.3,193.7,63.5,79.7,143.2,1344.2,301.9,21.7,35.6,359.2,56.2
May-1983,316.6,42.3,63.7,422.6,67.8,120.5,64.9,253.2,112.5,41.4,153.9,200.5,54.8,25.4,55,68.9,204.1,64.5,81.1,145.6,1379.9,281.5,21.4,36.4,339.2,62
Jun-1983,325.4,40.4,64.9,430.6,64.2,115,58.6,237.8,103.6,37.1,140.7,175.2,52.3,24.6,56.2,65.7,198.8,63,79.7,142.8,1325.8,290.6,20.8,34.2,345.6,57
Jul-1983,323.1,41.6,69.5,434.2,60.8,111.7,58.8,231.3,97.4,34.1,131.5,181.4,57.7,23.9,54.6,66.9,203,61.9,84.7,146.6,1328.1,297.6,21.3,36.2,355.2,54.9
Aug-1983,338.1,42.2,67.9,448.2,64.8,117.2,64.8,246.9,96.3,34,130.2,179.7,61.5,25,54.6,70.4,211.5,64.7,85.2,149.9,1366.3,309.6,22.6,37.1,369.3,58.8
Sep-1983,330.6,42.5,67.5,440.6,65.1,106.9,68.7,240.7,105.6,37.2,142.9,185,61,24.5,53.8,71.6,210.9,66.3,84.3,150.6,1370.8,310.2,22.4,37.4,370,57.4
Oct-1983,351.1,45,66,462.1,66.3,114.4,84.1,264.8,97.9,37.3,135.2,194.4,56.9,24.6,55.6,74.9,212,63.7,80.1,143.8,1412.3,314.5,22.9,37,374.4,59.9
Nov-1983,361.5,45.8,67.2,474.5,72.8,136.5,101.2,310.4,110.2,41,151.2,224.9,59.3,27.8,57.7,83.4,228.2,69.4,82.9,152.3,1541.6,336.8,24,38.4,399.1,64.3
Dec-1983,430.9,56.8,78.4,566.1,96,189,192.3,477.3,155,59.9,214.8,384.7,70.2,36.8,71.4,122.8,301.2,86,89.6,175.5,2119.6,378.7,33.5,44.3,456.5,75.7
Jan-1984,333.2,47.2,69.2,449.5,67.7,95.4,73.7,236.8,82.5,35.4,117.9,139,54.1,21.4,55.3,69,199.7,58.5,97.6,156.1,1299.1,302.5,22.2,35.7,360.4,65.9
Feb-1984,343.3,44.5,68.2,455.9,69.7,105.8,69.6,245.2,83.6,33.6,117.2,159.5,72.3,22.8,52.7,71.8,219.7,60.3,90.3,150.6,1348.1,309,20.8,36,365.8,68.1
Mar-1984,344.8,46.1,70.7,461.7,71.8,107.5,77.7,256.9,108.8,40.1,148.8,187.4,61,24.5,57.3,74.9,217.7,66.5,94.6,161.1,1433.6,331.5,21.9,37.4,390.8,79.4
Apr-1984,345.9,44.8,67.4,458.2,60.8,90.4,68.5,219.6,99.9,39.4,139.2,181.8,53,23.1,50,70.2,196.3,68.7,88.9,157.6,1352.8,319.1,20.4,36.7,376.2,61
May-1984,352,45.3,71,468.3,72.7,110,70,252.7,126.8,46.2,173,236,59.3,27.1,55.7,76.6,218.7,77.9,92.8,170.7,1519.4,331.3,20.6,38.4,390.3,73.3
Jun-1984,348.9,44.8,67.9,461.6,67.2,102.6,60.5,230.3,99.4,38.6,138,190.4,54.8,24.3,53.2,68.7,201,68.3,87.3,155.5,1376.9,325.1,20.4,35,380.5,61.8
Jul-1984,348.6,42.5,67.4,458.5,75.8,111,60.2,247,102.9,38.4,141.3,209.7,57.3,25.6,53,70.1,206,70.8,88.7,159.4,1421.9,317.3,19.3,35.3,371.9,62.1
Aug-1984,374.6,46.3,70.7,491.6,79.7,105.2,70,255,105.5,40.2,145.7,193.6,58.7,25.5,54.6,74.6,213.4,73.2,90.3,163.6,1462.9,333.7,20.4,36,390.1,66.3
Sep-1984,345.7,46.2,68.1,460,73.3,93.9,69.5,236.7,102.3,39.9,142.2,202.2,53.9,23.3,51.4,70.6,199.2,68,89.2,157.2,1397.5,317.7,20.5,34.6,372.7,61.7
Oct-1984,373.5,47.4,73.5,494.4,78.7,103.3,81.5,263.6,119.2,45,164.2,214.6,64.2,26.1,55,80.5,225.8,76.7,96.7,173.4,1536,342.4,21.4,35.7,399.5,74.2
Nov-1984,378.7,50.8,75.2,504.7,86,117.2,96.5,299.7,130.8,47,177.8,242.7,68.4,27.8,56.3,87.2,239.8,78.1,97.8,175.9,1640.7,361.6,23.5,37.8,423,78.7
Dec-1984,432.6,65.3,81.9,579.8,98.4,170.4,179.4,448.2,169.2,62.5,231.6,415.5,79.9,35.4,69.5,121.3,306,88.9,104.6,193.5,2174.7,398.5,29.6,41.5,469.6,85.5
Jan-1985,376.4,52.2,74.7,503.3,68.9,100.7,69.4,239,101.7,37.8,139.5,204.9,63.2,23.4,59,73.3,218.9,65.9,99.8,165.7,1471.3,342.3,23.8,38.1,404.1,64.7
Feb-1985,352,45.8,68.7,466.5,68.9,92,69.8,230.7,92.9,34.2,127.1,179.6,66.4,21.8,53.6,71.1,213,62.5,87,149.5,1366.3,333.9,21.6,37.5,393,62.3
Mar-1985,371.8,49.4,72.9,494,75.2,106.6,74.1,255.8,103.4,37.4,140.8,212.5,65,24.5,57.6,75.7,222.8,68.8,93.6,162.4,1488.3,354.9,23.2,38.8,416.9,67.1
Apr-1985,366.6,47.3,73.1,487,81.8,103.6,71.9,257.3,119.4,41.3,160.7,234.3,62.8,25.3,51.1,76,215.2,73.2,94.3,167.4,1521.9,347.2,22.3,40.3,409.8,66.3
May-1985,391,48.2,78.3,517.4,92.5,122.3,83.6,298.4,147.1,49.8,196.9,282.3,66,29.7,57.9,86.1,239.8,85.4,96.3,181.7,1716.5,367.1,22.4,41.9,431.5,78.5
Jun-1985,369.4,45.2,73.2,487.9,83.3,107.8,68.8,259.8,117,40.9,157.9,217.6,57.5,26.2,57.2,75.2,216.1,75.7,92.2,167.9,1507.1,337.7,20.8,38.4,396.9,68
Jul-1985,423.8,47.3,78.8,549.9,94,124.5,71.8,290.3,125.4,43.2,168.6,247.5,64.6,30.4,59.9,83.4,238.2,88.2,96.7,184.9,1679.4,344.2,20.7,41.7,406.6,77.5
Aug-1985,401.9,50.3,80.7,532.9,91.5,116.8,79.4,287.7,119.7,42.7,162.3,226.4,67.5,29,60.7,85.3,242.4,85.4,100.2,185.6,1637.4,363.5,21.8,44.3,429.5,79.3
Sep-1985,388.6,48.5,77.5,514.6,90.3,109.8,76,276.1,115.4,42.7,158.1,216.9,62.4,27.7,57.7,81.3,229.1,82.6,100.2,182.8,1577.6,343.6,21.9,42.7,408.2,78.1
Oct-1985,420,52.2,86,558.1,91.3,117.3,97,305.6,142.3,52.5,194.9,255.1,66.2,30.7,59.5,93.9,250.3,93.5,106.6,200.1,1764.1,382.8,23.4,46.8,452.9,98
Nov-1985,422.5,55,87.4,565,102.9,135.1,126.8,364.8,155.7,57.6,213.3,279.5,70,32.8,62,104.7,269.5,95,112.9,208,1900,385.9,24.9,47.6,458.4,100.8
Dec-1985,481.3,70.3,98.2,649.8,116,191.8,221.2,529,202.9,74.8,277.7,480.5,85,41.3,73.2,143.8,343.2,107.8,121.5,229.4,2509.5,417,32.4,50.9,500.2,109.4
Jan-1986,420.7,54.8,85.4,561,78,114,90.3,282.2,118.5,47.9,166.4,238,65.4,28.4,58,88.5,240.3,85.1,111.2,196.3,1684.3,373.7,25.8,46.4,445.9,84.1
Feb-1986,392.9,49,76.5,518.5,73.3,103.2,89.8,266.4,100.1,40.1,140.2,177.7,70.2,26.3,53.9,85.2,235.6,80.1,97.8,177.9,1516.2,359.2,24.7,44.1,428,78.4
Mar-1986,419.4,53.7,83.7,556.7,76.6,106.8,89.6,273,105.9,41.5,147.4,214.7,64.2,27.1,54.9,86.2,232.4,82,105.3,187.3,1611.5,389.4,26.9,45.7,462,76.4
Apr-1986,415,51.4,84.9,551.3,82.5,102.9,91.9,277.2,123.8,48.3,172.1,227.8,65.5,29.8,58.8,92.4,246.5,96.8,109.2,206,1681,384.7,23.5,45.7,453.9,87.1
May-1986,440,50.7,91.9,582.7,91.6,121.2,96,308.8,158.2,56.7,214.8,302.7,68.3,34.4,62.3,100.9,266,110.2,112.8,223,1898.1,414.1,24.2,47.3,485.6,102.5
Jun-1986,418.8,47.4,86.7,552.9,77.7,109.2,89.3,276.2,129.3,48.1,177.4,218.1,60.3,29.9,59,90.1,239.3,94.2,106.1,200.3,1664.2,384.5,22.4,44.2,451.1,89
Jul-1986,451.9,48.3,90.5,590.7,86.1,133.7,79.4,299.2,129.1,50.3,179.3,265.1,69.6,35.2,63.4,96.1,264.3,109.5,106.3,215.8,1814.5,394.8,22.5,47.7,464.9,96.8
Aug-1986,446.2,52.6,91.3,590.2,86,127.5,89.1,302.6,120.3,48.2,168.6,225.9,69.2,33.6,63.2,97.2,263.3,105.1,110.9,216,1766.5,387,23.9,48.9,459.8,98.5
Sep-1986,444.3,51.8,89.6,585.8,82.9,123.5,88.1,294.5,126.9,50.6,177.5,256.6,70.2,33.5,62,96.8,262.5,105.6,108.3,213.9,1790.7,388.3,23.6,48.1,460,94.6
Oct-1986,458.6,57.4,93,609,94.6,117.9,116.8,329.3,141.9,57.1,199,261.9,72.3,34,64,107.7,278,110.4,114.2,224.6,1901.8,428.3,24.7,51.9,504.9,104.4
Nov-1986,454.7,56.8,92.3,603.8,94.9,124.6,128.6,348,141.4,56,197.4,285.4,73.3,34.4,61.5,110.9,280.2,110,118.4,228.4,1943.2,413.7,26.9,51.2,491.7,101.2
Dec-1986,528.1,73.3,107.4,708.8,115.7,188,235.4,539.2,206.9,81,287.9,542.4,98.7,46.4,76.3,161,382.4,136.6,135.6,272.2,2732.9,471.4,34.2,57.5,563.2,117.4
Jan-1987,466.4,59.5,91.2,617.1,78.1,111.9,103.9,293.9,111.6,50,161.7,239.7,65,30.8,66.3,98.1,260.2,99.2,118.6,217.9,1790.4,420.1,28.1,51.9,500.1,93.2
Feb-1987,430.5,53.9,87,571.5,78.4,103.3,97.3,278.9,99.6,43.4,143,202.5,78.5,28.3,61.3,94.5,262.5,91.1,110.2,201.3,1659.8,396.5,25.9,49.1,471.5,87.2
Mar-1987,447.7,56.2,88.9,592.8,84.9,113.5,97.9,296.3,116.5,46.7,163.3,234.1,75.9,30.8,61.6,97.7,266.1,98.8,111.2,210,1762.6,423,26.4,50.5,499.9,93.1
Apr-1987,455.5,57.3,91.4,604.2,85.6,119.6,97.2,302.4,135.6,51.3,186.9,247.7,74.2,32.2,64.1,99.3,269.9,102.1,112.2,214.3,1825.4,417.4,25.5,52.5,495.4,88.3
May-1987,459.8,55.1,93.2,608.2,90,134.9,106.5,331.5,157.6,57.1,214.7,263.3,76.7,35.5,67.8,106.3,286.2,110.5,112.2,222.7,1926.6,414.6,25.4,53.8,493.8,95.7
Jun-1987,443.2,52.7,91.3,587.1,85.3,139,88.2,312.5,138.4,51.1,189.5,260.4,73.4,34.8,66.6,98.5,273.3,106.1,110.4,216.4,1839.2,396.5,24,52.5,473.1,89.9
Jul-1987,460.1,57.2,98.5,615.9,98.7,133.1,97.7,329.5,145.3,54.1,199.3,277.4,85.1,35.7,68.2,107.1,296.1,113.7,122,235.6,1953.9,423.4,26.4,53.7,503.6,103.7
Aug-1987,463.6,56.8,97.4,617.8,94.4,125,100.2,319.5,129.7,48.8,178.5,232.7,82.3,34.4,67.8,105.9,290.4,111.4,120.3,231.7,1870.7,404.8,26.4,52.3,483.5,100
Sep-1987,459.8,57.9,97.3,615,92.8,126.4,110.8,330,145,54,199.1,251.8,80.3,34.6,70,108.5,293.4,111.1,122.8,234,1923.2,404.5,27.7,52.4,484.6,101.2
Oct-1987,478.9,64.3,99.8,643,104.2,139.8,137.3,381.2,152.7,58.3,211,261.1,80,35.9,69.9,117.1,302.9,111,124.1,235.1,2034.3,445.3,28.6,55.2,529.1,112.8
Nov-1987,478.7,63.6,96.9,639.2,106.2,145.8,150.5,402.5,149.9,58.5,208.4,295.2,78.4,37,71.6,121.4,308.4,114.1,125,239.1,2092.9,425.8,28.5,53.1,507.4,104.1
Dec-1987,565.4,82.5,111.3,759.2,125.1,225.2,248.8,599.1,219.5,82.6,302,540.3,98.9,51.3,86.2,170.1,406.6,145.5,135.4,280.9,2888.1,521,38.7,62.9,622.5,120.5
Jan-1988,479.2,67.8,100.1,647.1,94.8,130.6,126.6,352,127.5,53.1,180.6,225.3,71.8,32.9,70.9,109,284.6,102,132.3,234.4,1924,415.3,31,50.9,497.1,83.4
Feb-1988,467.2,59.8,95,622,98.9,136.4,119.4,354.7,125.3,51,176.3,219,88.2,34.3,66.6,110.7,299.7,106.6,121.1,227.7,1899.4,419.1,27.9,51.9,498.9,91.3
Mar-1988,501.1,64.6,101.4,667.1,99.5,151.7,123.6,374.8,140.7,53.4,194.1,252.2,89,37,68.5,115.5,310.1,111.9,129.5,241.4,2039.8,467.1,29.1,56.1,552.3,96
Apr-1988,484.6,62.4,96.2,643.2,83.5,140.9,108.8,333.2,145.5,53.2,198.7,259.7,73,34.8,68.9,105.7,282.4,106.4,124.3,230.8,1948,440.5,28,56,524.5,91.7
May-1988,481.2,59.6,97.8,638.6,96.8,163.4,121,381.2,157.1,57.1,214.2,271.5,80.3,38.6,71.3,114.3,304.5,114.8,126.5,241.2,2051.2,430.4,26.2,54.7,511.3,107.9
Jun-1988,482.9,56.4,91.3,630.6,97.7,150,113.9,361.6,149.4,53.3,202.7,252.1,75.3,37,77.4,107.5,297.2,113.2,123.5,236.7,1980.9,439.1,25.8,56,520.8,101.9
Jul-1988,479.2,54.1,94.6,627.9,94.1,146.5,110.9,351.5,142.7,53.2,195.9,256.6,74.2,38.1,78.5,108.8,299.5,128.3,125.6,253.9,1985.4,440.6,28.5,54,523.2,93.2
Aug-1988,494.5,52.9,95.4,642.8,96.3,149,124.3,369.6,139.1,50.2,189.3,238.2,76.7,37.3,86.7,109.6,310.2,122.7,124.8,247.5,1997.5,457,28.2,57,542.3,100.3
Sep-1988,508.6,59.4,98.3,666.3,102.6,141,118.5,362.2,159.5,59.8,219.3,266.5,75.7,39.3,88.1,118.4,321.6,121.2,121.7,242.9,2078.8,473.5,31,57.8,562.2,93
Oct-1988,509.2,63.9,101.4,674.5,103.7,133.8,143.9,381.4,158.9,62.5,221.5,268.4,80.5,39.5,87.5,125.5,333,126.9,125.8,252.7,2131.5,474.9,29.7,57.9,562.4,98
Nov-1988,535.8,67.1,100.7,703.5,109.7,161.1,172.1,442.9,169,69.4,238.5,318.5,90.4,46.7,86.2,151.8,375.2,148,126.2,274.2,2352.8,493.7,34.5,59.4,587.6,101.9
Dec-1988,627.7,99,120.3,847,132.8,225.3,307.4,665.5,241.9,104.9,346.9,581.8,100.1,68.1,109.3,232.4,510,165.3,136.1,301.4,3252.4,580.2,51.3,64.9,696.4,117.1
Jan-1989,507.8,51.6,106.2,665.7,89.9,143.8,160.7,394.4,153,61.7,214.8,232.3,80.5,37.8,86.9,129.4,334.6,164.1,134.1,298.2,2140,483.2,22.4,54.9,560.6,84.5
Feb-1989,503.2,52.3,97.3,652.8,86.2,133.6,155.2,375,124.6,52.2,176.8,193.8,93.3,34.3,81.7,120.6,329.9,137.6,118.9,256.5,1984.8,465.5,23.4,53.7,542.5,84.3
Mar-1989,578.3,66.8,105.4,750.5,94,148,161,403,148.9,61.2,210.1,265.8,90.6,41.4,86.9,133.2,352.1,140.9,125,265.9,2247.5,536.3,25.1,59,620.4,93.4
Apr-1989,546.5,70.1,100.6,717.2,97.2,144.1,149.3,390.5,163.8,63.7,227.5,253.5,86.2,38.3,81.3,129.3,335.2,136.7,120.7,257.4,2181.4,483,22.4,57.8,563.2,97.3
May-1989,540.7,73.5,103.9,718,109.7,168.8,165.6,444.1,172.4,69.4,241.8,276.5,92.2,44.8,88.9,142.8,368.7,141.6,123.5,265.1,2314.2,495.4,22.5,60.4,578.2,99.7
Jun-1989,546.9,67.7,107.4,722,112.4,173.9,140.1,426.4,167.5,69.3,236.8,274.1,87.5,44.1,85.7,127.6,344.9,151.3,133.6,284.9,2289.2,496.5,22.4,59.8,578.8,96.8
Jul-1989,549.5,71.1,106.9,727.5,109.2,166.7,128.2,404.1,162.8,65.8,228.5,267.1,90.1,42.2,86.3,126,344.6,148.9,133.7,282.6,2254.4,494.4,22.5,56.1,572.9,93.9
Aug-1989,570.1,73.4,109.6,753.1,110.6,170.8,140.4,421.7,145.5,66,211.5,256.7,91.9,46.2,93.3,136.7,368.1,150.7,137.1,287.8,2299,525.8,23.5,56.4,605.7,95.2
Sep-1989,575.8,84,108.8,768.5,117.8,172,130.2,420,161.6,72.1,233.7,272.6,90.4,48.7,96.5,144.5,380.2,152,136.5,288.4,2363.4,509.7,23.1,55.8,588.7,91.2
Oct-1989,556.1,85.2,110.6,751.9,121.5,175.1,143.3,439.9,160.2,73.1,233.3,268.4,90.3,49.6,97.2,147.8,384.9,158.6,143.5,302.1,2380.7,503.4,22.8,59.6,585.7,94.5
Nov-1989,586.8,88.7,113.8,789.3,137,189.6,185.3,511.9,184.6,82.3,266.9,329,90.1,54.4,100.7,168.4,413.6,165.6,146.4,312,2622.7,532.5,27.1,59.9,619.6,108.6
Dec-1989,702,146.7,134.4,983,146.3,253.9,228.9,629.1,244.7,117.5,362.2,560.9,95.2,75.3,119.6,242.6,532.7,199.3,161.8,361.1,3428.9,629.3,44.5,74.1,747.8,112
Jan-1990,563.1,85.1,121.4,769.5,103.7,171.6,96.4,371.7,152.6,72.2,224.8,237.6,80.4,47.3,93.4,141.2,362.4,170,169.4,339.4,2305.3,531.1,22.7,64.2,618.1,84.5
Feb-1990,558.2,75.5,114.6,748.3,96.2,158.9,95,350,129.3,64,193.3,201.6,93.3,46,88.1,139.8,367.3,159.3,148.7,308,2168.4,502.7,23.9,58.9,585.5,79.5
Mar-1990,608.8,82.1,123.5,814.4,114,175.5,103.8,393.3,159.2,73,232.2,258.5,99.5,49.6,99.5,152.1,400.8,166.1,157.4,323.4,2422.6,568.4,26.4,66,660.9,81.7
Apr-1990,570.2,79.9,118.8,768.9,105.9,165.7,97.1,368.8,168.8,70.5,239.3,260,84.2,45.6,99.2,135.8,364.7,161.9,157.2,319.1,2320.8,525.4,25.8,61.5,612.7,78.3
May-1990,596.2,79.9,123.6,799.7,121.8,190.2,104.6,416.6,197.2,77.5,274.7,287.7,93.7,49.9,107.7,148,399.4,158.8,157.4,316.2,2494.2,548.1,25.1,63,636.2,87.9
Jun-1990,605.4,76,127.5,809,121.6,173.1,100.7,395.4,165.8,73.5,239.3,287.3,83.9,45.2,98.9,135.8,363.7,150.4,155,305.3,2400,530.3,24,63.5,617.9,84.3
Jul-1990,594.8,71.1,125.9,791.8,113.4,173.9,98.2,385.5,165.5,70.8,236.3,256.5,92.8,46.2,101,138.7,378.8,150.3,152.9,303.2,2352.1,505.5,23.6,61.4,590.5,85.2
Aug-1990,644.1,72.7,130.1,846.9,114.4,181.1,106.6,402.1,162.1,70.7,232.8,266.6,103.3,47.4,107.4,144.8,402.9,159.8,155.9,315.7,2467.1,549.4,25.3,63.5,638.2,87.4
Sep-1990,604.4,69,116.9,790.2,116.3,171.4,96.7,384.4,171.6,73.1,244.7,267,86.6,46.2,117,139.9,389.7,168.4,134.9,303.3,2379.4,517.9,24.5,60,602.3,76.5
Oct-1990,630.1,73,123.3,826.4,126.7,189.2,113.3,429.3,187,77.7,264.7,277.7,86.8,51,126.6,151.6,416,159.5,147.2,306.7,2520.7,559.3,26.9,62.2,648.4,85.4
Nov-1990,665.7,83.6,125.3,874.6,126.5,194.9,126.2,447.6,202.3,83.4,285.7,327.3,87.9,54.2,120.9,163.9,426.9,168.2,147.3,315.5,2677.5,581.7,29.3,62.4,673.4,87.4
Dec-1990,737.9,121,136.5,995.4,137.8,280.2,159.5,577.5,272.5,114.5,387,561.4,93.5,72.5,131.4,215.8,513.2,191.8,164.5,356.3,3390.7,643.7,45.7,71.4,760.8,104.3
Jan-1991,677.9,76.4,121.5,875.8,108.5,186.3,89.1,383.8,172.2,73.7,245.9,242.5,74.8,45.4,98.7,135.1,354,165.3,153.3,318.7,2420.6,576.5,24.3,64.1,664.9,82.6
Feb-1991,617.3,67.3,112.3,796.9,104.4,170.8,99.6,374.8,144.2,65.2,209.4,209,89.6,43.5,98.2,135.5,366.8,147.6,136,283.6,2240.5,532.9,22.3,57.5,612.7,75.6
Mar-1991,672.3,74.3,121.6,868.1,116.2,171.7,129,417,160,70.4,230.4,251.9,95.1,46.7,107,142.4,391.2,152,145.9,297.9,2456.5,591.5,25.1,61.6,678.3,79.8
Apr-1991,623.1,73.1,120.2,816.5,116.8,170,125.6,412.4,190.4,75.1,265.5,260.7,81.7,46.4,108.9,137.3,374.3,148.1,146.7,294.8,2424.2,542.6,22.5,60.6,625.7,79.2
May-1991,666.9,75.9,124.1,866.9,133.9,186.9,127.3,448.2,213.5,81.1,294.6,291.6,91.6,48.3,117.3,146.5,403.7,158.8,144.1,302.9,2607.8,589.2,25,63.8,678.1,84.9
Jun-1991,621.1,66,120.1,807.1,114,170.5,111.7,396.3,183.1,72.6,255.7,253.8,92.6,43.2,126.1,137.6,399.6,150.6,142.4,293,2405.5,539.3,22.8,59.7,621.8,89.3
Jul-1991,657.7,66.9,124.5,849.1,119.9,193.5,114.1,427.5,214.1,76.5,290.5,290.4,103.6,47.7,136.1,147,434.5,158.2,145.2,303.4,2595.4,561.5,23.4,61.6,646.6,97.2
Aug-1991,711,72.2,130.2,913.5,128.7,194.2,118,440.9,185.6,73.4,259,269,98.9,49.3,143.4,152.9,444.5,165.4,149.4,314.8,2641.7,596.6,26.4,61.5,684.5,96.7
Sep-1991,639.2,69.8,119.1,828.2,123,175.8,119.6,418.4,180.7,78.1,258.8,256.8,98.7,52.1,119,157.5,427.3,189.2,143.5,332.6,2522.1,546.3,24.2,60.5,631,86.7
Oct-1991,696.7,75,127.7,899.4,138.4,194.6,121.5,454.5,219.2,88.5,307.7,301.8,91.3,55.8,119.6,169.3,436,214,152,366,2765.4,612.6,26.7,65.6,704.9,100.5
Nov-1991,701.9,79.7,127,908.5,144.8,196.8,128.5,470.1,211.4,89.7,301,331,103.1,59.5,123.5,184.8,471,218.2,152.8,370.9,2852.5,617.5,28.9,64.2,710.7,96.8
Dec-1991,772.1,113.9,141.8,1027.9,139,257.6,151.4,548.1,300.9,127.5,428.4,580.3,112,82.4,138.7,250.1,583.3,225.9,167.9,393.8,3561.7,659,42.6,75.4,777.1,110.8
Jan-1992,707.9,77.5,133.5,918.9,110.9,191.7,100.1,402.7,205.1,87.9,292.9,256.3,90.2,53.1,104,164.4,411.7,178.6,166.9,345.6,2628.2,593.4,27.3,63.4,684.1,96.8
Feb-1992,676.2,66.7,125.9,868.9,108.9,184.8,108.2,401.9,178,81.4,259.5,232.2,96.3,53.5,103.8,169.8,423.4,170.7,153.4,324.1,2510,570.5,26.4,60.8,657.7,86.4
Mar-1992,697.3,72.3,135.1,904.7,105.5,185.1,113.2,403.8,180.4,84.3,264.7,242.1,103.4,52.9,92.7,171,420,188.5,167.4,356,2591.3,593,29.3,65.1,687.3,83.5
Apr-1992,720.2,73.8,135.1,929.1,114.1,181.7,108,403.9,205.7,88.5,294.1,286.9,98.7,52.4,96,167.5,414.6,189.6,161.5,351.1,2679.8,598.3,29,65.8,693,88.4
May-1992,713,69.7,137.7,920.4,116.8,189.4,98.2,404.4,225.2,93.4,318.6,308,95.8,52.8,92.4,173.2,414.2,195.5,162.1,357.7,2723.2,599.8,27,67.1,693.8,94.1
Jun-1992,688.4,65.4,129.5,883.3,114.3,189.5,95.2,399.1,219.1,82.3,301.5,289.7,89.3,48.1,99,150.8,387.2,179.9,150.2,330.1,2590.8,570.1,26.1,60.1,656.4,96.1
Jul-1992,738.3,69.4,134.2,941.8,120.5,206.2,101.4,428.1,220.2,84.2,304.4,271.7,101.4,51.1,102.3,160.9,415.6,187,145.5,332.5,2694.2,600.9,28.5,63.2,692.5,98.9
Aug-1992,721.4,70.8,134.9,927.1,111.4,183,93.5,388,174.5,79.6,254.1,241.3,100.3,49.8,95.6,164.5,410.2,182.3,145.1,327.4,2548.2,578.4,27,60.9,666.4,95.3
Sep-1992,714.2,72,132.7,918.9,122.7,189.9,112,424.6,175.8,89.6,265.4,284.3,90.2,55.2,110.9,173.6,429.9,178.1,147.4,325.4,2648.4,575.4,28.7,61,665.1,87.5
Oct-1992,757.5,77,138.3,972.9,128.6,198.6,118.9,446.2,197.9,96.1,294,307.6,88.8,57.9,106.2,182.7,435.6,171.9,152.5,324.5,2780.7,632.2,30.8,63.9,726.9,100.8
Nov-1992,716.2,77.8,134.9,928.9,130.4,201.4,125.7,457.5,199.1,100.6,299.8,336.5,91.8,61.4,109.8,196.9,459.9,178.5,150.9,329.4,2812,586,29.7,62.5,678.2,96.6
Dec-1992,832.8,112.3,153.8,1098.9,151.4,293.3,154.7,599.3,271.1,132.7,403.8,583.9,114.8,80.3,130.8,255.5,581.3,221,156.3,377.3,3644.5,684,51.8,76.3,812.2,110.6
Jan-1993,734.9,81.1,130.4,946.3,110.5,196,100.7,407.2,173.3,86.2,259.5,252.4,89.6,48.4,101.7,156.1,395.9,158.6,144.8,303.4,2564.7,616.7,28.3,65.6,710.7,99.7
Feb-1993,710.8,69.3,122,902.1,107.6,176.5,102.8,386.9,151,72.9,223.9,219.5,92.5,45.1,96.3,152.6,386.5,160.8,128.4,289.1,2408.1,569,26.5,59.8,655.3,88.3
Mar-1993,754.8,69.1,125.9,949.8,118.9,198.4,113.5,430.8,167.5,81,248.5,258.6,114.3,48.9,112.9,162,438.1,159.5,121.7,281.2,2607,611,28.5,62.5,701.9,96.3
Apr-1993,755.9,75.6,130.6,962.1,110.5,181.5,99.2,391.2,178.7,79.1,257.9,282.4,97.9,45.7,112.8,151.5,407.9,151.4,131.1,282.5,2583.9,621.5,28.1,63,712.5,96.3
May-1993,752.9,70.4,128.5,951.8,121.2,196.4,95.4,413,205.5,86.8,292.3,314.6,105.7,48.1,116.7,160.5,431.1,155,123.3,278.2,2681,596.8,26.6,61.9,685.3,104.9
Jun-1993,730.6,65.6,126.2,922.3,121.1,193.4,89.3,403.8,191.6,84,275.6,311.2,86,46.2,107.9,144.9,385,145.2,129.9,275.2,2573.1,591.6,23.1,59.3,674,98.8
Jul-1993,747.1,72.3,133.9,953.3,114.5,207.6,84.4,406.4,187.4,80.2,267.6,260.2,83.5,49.5,112.8,147,392.7,159.8,135.8,295.7,2575.9,622.2,25.1,63.1,710.4,101.2
Aug-1993,724.5,73.4,127.6,925.6,115.1,194.6,91.1,400.8,163.9,80.4,244.3,251.5,76.9,50.3,114.5,151.5,393.2,153.2,140.4,293.6,2509,585.9,25.2,60.3,671.4,97.9
Sep-1993,744.4,71.5,127.3,943.3,120.5,206.9,102.2,429.5,176.4,85.3,261.7,291.3,85.2,54.2,115.6,161.6,416.6,162.9,146.6,309.6,2652,606.2,26.5,61.6,694.3,94.7
Oct-1993,767.2,78.2,134.3,979.8,125.4,225,101.4,451.8,189,87.4,276.4,306.5,85.1,58.9,121.1,169.4,434.4,166,155.6,321.6,2770.5,634.3,27.8,63.1,725.3,100.3
Nov-1993,763.6,82.9,132.4,978.9,133.5,224.8,108.5,466.8,196.4,95.3,291.7,337.5,91.8,63.9,124.7,186.7,467.2,182.3,156.4,338.8,2880.9,622.7,28.1,62.9,713.7,107.7
Dec-1993,889.4,124,156.4,1169.7,168.7,295.7,179,643.4,272.3,142.8,415.1,611.9,92.5,95.4,174.2,270.1,632.2,214.5,163.6,378.1,3850.4,719,47.8,79.6,846.5,111.8
Jan-1994,765.8,84.7,145.7,996.2,122.7,202.7,111,436.4,180.4,84.8,265.2,255.5,75.5,52.7,116.5,159.6,404.3,168.3,177,345.3,2703,603.2,24.8,66.4,694.3,94.4
Feb-1994,736.4,71.4,131.7,939.5,126.1,182.9,121.4,430.4,148.6,77,225.6,227.6,83.8,51.4,108.8,161,405,164.5,147.2,311.7,2539.8,584,25.5,64.2,673.7,88.2
Mar-1994,810.5,77.1,143.9,1031.5,147.3,207.6,125.6,480.5,180.5,87.3,267.8,288.3,112.9,54.1,126.2,171.3,464.5,186.2,170.7,356.9,2889.5,668.6,30.9,73.1,772.5,85
Apr-1994,756,75.7,137.1,968.7,136,189.6,116.2,441.8,194.4,80.9,275.3,281,90.7,48.1,118.2,152.6,409.7,175.8,147.3,323.1,2699.7,620.9,27.1,60.6,708.6,78.5
May-1994,770.8,72.3,136.1,979.3,146.6,214.8,125.1,486.4,201.9,84.2,286.1,311.7,101,50.9,123.4,159.5,434.8,179.4,148.7,328.1,2826.5,615,27.5,62.1,704.6,87.9
Jun-1994,782,73.5,127.8,983.4,150.1,208.2,119.1,477.5,182.8,86.1,268.9,315.8,102.5,52.5,119.7,157.4,432.2,177.5,148.6,326.1,2803.8,623.5,27.5,60.7,711.7,92.9
Jul-1994,801.3,78.8,130.5,1010.6,143.7,216.5,117.5,477.7,176.5,79.9,256.4,276.8,102.5,55.8,125,156.9,440.2,198.1,154.8,352.9,2814.6,632.7,25.7,63.4,721.7,93.5
Aug-1994,806.7,77.7,135.7,1020.1,167.7,243.5,123.8,535.1,171.3,84.6,255.9,269.6,92.8,57.7,132.7,169.6,452.8,201.3,155.5,356.8,2890.2,636.3,25,62.4,723.7,91.5
Sep-1994,812.8,84,138.5,1035.3,152.7,206.5,134.5,493.7,182.6,92.9,275.5,306.4,93.4,51.9,124.9,186.2,456.4,196.3,156.9,353.2,2920.5,649.6,26.9,64.5,740.9,89.8
Oct-1994,818.7,90.6,153.9,1063.2,160.4,226.1,141,527.4,187.6,101,288.6,317.6,88.7,52.9,120.5,206.3,468.4,191.1,148.6,339.8,3005.2,654.7,28.4,71.4,754.4,80.4
Nov-1994,808.4,98.7,151.6,1058.8,171,253.5,145.2,569.7,194.9,101.4,296.3,348.2,96.8,59.4,129.2,198.3,483.7,216.5,147.9,364.3,3121,653.4,28.8,68,750.2,82.1
Dec-1994,943.4,144.9,179.2,1267.6,182.3,356.5,180.7,719.5,278.7,139.6,418.3,648,101.7,94.4,149.5,269.5,615.1,238.7,164.7,403.3,4071.9,791.7,46.8,85.9,924.4,88.7
Jan-1995,792,94.3,160.9,1047.1,131.7,232.7,120.8,485.2,185.7,90.6,276.3,261.3,77.3,49.2,114.9,176.6,418,217.8,171.1,389,2876.8,647.1,26.4,73.8,747.3,81.9
Feb-1995,755,83.3,157,995.3,140.3,204.5,121,465.9,155,85,240,236.8,77.1,43,103.8,170.8,394.6,207.1,151.1,358.2,2690.8,639.8,25.2,66,731,74.3
Mar-1995,838,90.3,165.5,1093.8,155.6,229.1,132.6,517.3,181.9,91.8,273.7,282.4,87.7,48.1,123.6,179.7,439.1,227.7,167.3,395,3001.4,693.6,28.7,69.9,792.2,79.2
Apr-1995,819.9,93,164.4,1077.2,137.5,217.7,116.3,471.5,206.8,94.2,301,308.9,69.9,48.2,124.9,174.9,417.8,218.8,167.3,386.1,2962.4,666.6,26.5,71.4,764.6,71.6
May-1995,834.8,84.4,160.8,1080,161.5,250.3,113.2,525,205.5,95.3,300.8,317,83.2,51.2,132.2,174.9,441.6,233.5,166.3,399.9,3064.3,674.3,27.9,74.2,776.5,80.3
Jun-1995,832.8,85.9,156.9,1075.6,158,238.7,120.2,516.9,200.9,95.3,296.2,306.8,75.5,50,132,169.1,426.6,213.7,159.8,373.5,2995.7,672.7,28.8,71.2,772.7,77.6
Jul-1995,838.6,89.6,158.5,1086.7,160.9,228.9,124.3,514.2,191.1,103.1,294.1,314.4,82.8,54.9,131.7,184.9,454.2,230.3,176.6,406.9,3070.5,672.5,27.7,75.3,775.5,85
Aug-1995,878.3,91.1,169.3,1138.7,156.8,219.3,134,510.1,187.9,100.7,288.6,299.4,88.1,53.3,140.2,192.5,474.1,226.6,179.4,406,3117,699.6,28.8,76.5,805,79.6
Sep-1995,846.4,95.5,164.3,1106.2,168.2,219.2,140.6,528,186.3,110.4,296.7,292.9,83.9,54.9,145.2,201.5,485.5,240.4,179.1,419.4,3128.7,698.1,30.1,74.7,803,81.4
Oct-1995,885.5,93.4,184.2,1163.1,162.4,215.2,163.7,541.4,194.3,111,305.3,321.6,88.6,55.3,128.3,210.5,482.7,246,202.5,448.4,3262.5,699.8,28.3,76.9,805,89.6
Nov-1995,905.7,104.2,192,1201.9,161,246.7,176.2,583.9,208.1,117.5,325.6,370,96,67.5,135.5,227.9,527,256.8,205.7,462.5,3470.8,719.8,32.8,80.5,833.2,85
Dec-1995,1020.8,150.2,219.4,1390.4,177.6,340,225.4,743,305.3,166.8,472.1,663.3,106.2,105.9,158.6,316.5,687.1,297.4,223.9,521.3,4477.4,822.5,52.5,93.6,968.6,95.5
Jan-1996,884.2,93.7,168,1145.9,144.3,238,157.5,539.8,204.9,108.5,313.4,290.8,89.5,53.6,117.6,202.2,463,259,231.9,490.8,3243.7,711.5,27.6,76,815.1,85.6
Feb-1996,878.2,92.2,166.6,1137,140,227.5,147.7,515.2,179.8,107.7,287.6,255,90.2,54.7,105,210,460,251.8,210.1,461.9,3116.6,712.4,28.5,77.3,818.3,77.9
Mar-1996,910.9,101.3,170.2,1182.3,143.3,253.3,158.1,554.7,191.8,111,302.8,284,94.9,56.6,108.8,204.5,464.8,258.6,221.6,480.2,3268.7,741.8,30.9,76.8,849.6,81.7
Apr-1996,882.4,98.7,163.3,1144.4,141.2,235.9,152.4,529.6,210.3,108.5,318.8,301.9,85.7,53.9,113,203.3,456,248.3,215.9,464.2,3214.8,702.4,30.2,82.2,814.8,78.8
May-1996,936.1,98.7,167.9,1202.7,144.3,262.3,171,577.6,221.3,112.2,333.5,336.3,89.7,57.4,120.8,209.4,477.2,236.5,211.3,447.8,3375.1,738.7,30.5,80,849.1,84.6
Jun-1996,888.1,95.1,174.3,1157.5,147.6,262.6,158,568.1,201.2,107.9,309.1,314.2,86.8,60.3,116.3,194.8,458.2,229.2,202.7,431.9,3239,692.4,30.2,75.9,798.6,83.8
Jul-1996,914.4,92.5,169.1,1176,161.3,262.2,174,597.5,216.2,121.9,338.1,315,87.9,64.5,119.9,215.7,488.1,233.3,201.7,434.9,3349.6,708,33.5,78.5,819.9,92.6
Aug-1996,952.1,97.6,173.1,1222.8,149.5,251.6,157.5,558.7,200,121.4,321.4,303.5,96.7,62.2,118.2,228.6,505.6,240,206.4,446.4,3358.5,748.6,35.4,79.7,863.6,94
Sep-1996,905,94.7,164.1,1163.8,149,238,167,554,193.8,122.8,316.6,288.5,93.6,61.4,113,226.6,494.5,224.6,197.7,422.3,3239.6,696,36.5,76.2,808.7,86.9
Oct-1996,958.9,101.7,178.5,1239.1,164.3,244.8,181,590.1,206.6,126.7,333.3,320.2,92.3,59.2,127.3,229.8,508.5,229.5,213.9,443.4,3434.7,782.4,39.7,78.6,900.8,102
Nov-1996,965.9,113.3,172.1,1251.3,163.5,249.8,189.6,603,210.6,130.7,341.3,370.4,99.1,65.5,126.8,242.6,534,226.9,208.1,435,3534.8,770.2,41.6,83.8,895.6,93.4
Dec-1996,1040.8,153.1,188.8,1382.7,177.8,351.5,249.8,779.1,307.2,187.5,494.7,645.9,118.9,104.9,144,336.5,704.3,249.5,222.1,471.6,4478.3,845.8,64.3,96.5,1006.5,102
Jan-1997,978.6,93.7,165.1,1237.4,146,227.5,168,541.5,202.5,132.5,334.9,284.9,91,53.8,97.1,228.4,470.4,224.6,225,449.6,3318.8,814.6,39.4,77.6,931.6,95.6
Feb-1997,899.6,92.1,149.5,1141.2,135.9,236.5,154.9,527.3,166.8,110.2,277,249.4,93.2,51.5,93.1,212.9,450.7,213.2,192.5,405.6,3051.3,742.6,37.2,70.1,850,88.1
Mar-1997,986.3,103.3,161,1250.7,141.9,235.4,169.9,547.2,174.4,121.6,296,285,98.6,53.1,101.3,222.3,475.3,224.4,214.6,439,3293.2,795.8,41.4,77,914.3,88.8
Apr-1997,928.1,95.7,165.3,1189.1,132.3,223.3,159.8,515.3,200.5,120.4,320.9,281.7,92.8,50.8,106.2,217.2,467,215.8,207,422.8,3196.8,756.5,39.4,79.8,875.7,97
May-1997,985.3,103.7,165.1,1254.1,141.8,261.4,172.7,575.9,228.1,127.4,355.5,337.5,97.7,55.2,107.7,225.4,486,221.3,210.6,431.9,3440.9,796.6,42.1,84,922.8,102.5
Jun-1997,909.8,96.7,161.4,1167.8,144.3,257,154.1,555.4,200.5,120.9,321.4,287.2,90.1,60.4,105.7,217.2,473.3,207.9,198.3,406.2,3211.4,741.9,39.8,77.1,858.8,99.9
Jul-1997,960.6,91.1,201.3,1253.1,150.9,254.3,144.9,550.1,207.7,126.8,334.5,341.4,89,63.5,114.1,228.2,494.9,218.7,207,425.7,3399.7,776.5,42.1,85.1,903.8,107
Aug-1997,972,95.4,201,1268.4,144.9,234.5,141.3,520.7,185.2,122.4,307.6,281.5,91.1,57.5,115.6,227.9,492,227.7,209,436.7,3306.9,782.6,44.5,83.3,910.4,106.1
Sep-1997,946.9,90.4,200.3,1237.7,141.4,226.1,164.3,531.8,195.9,124.5,320.5,320.6,93.9,60.1,111.3,234.9,500.2,222.9,211.2,434,3344.9,761.6,43.5,82.6,887.7,106.9
Oct-1997,1022.6,102,207.4,1331.9,154.2,231.8,162.7,548.7,199.7,139.8,339.5,332,91.4,59.3,116.9,257.6,525.2,227.6,215.9,443.6,3520.8,828.2,46.8,90.2,965.2,125.6
Nov-1997,1001.1,108.7,204.7,1314.5,148,227.9,172.8,548.6,211,144.6,355.6,382.1,94.4,64.8,112.8,280.7,552.7,237.8,210.1,447.8,3601.5,805,51.5,86.2,942.8,117.1
Dec-1997,1115,157.4,240.8,1513.3,165.1,344,248.7,757.9,317.1,204.8,521.9,658.3,118.3,102,139.8,390.1,750.2,257.9,225.3,483.2,4684.7,896.9,82.8,103.2,1083,128.1
Jan-1998,1039.1,100.7,233.7,1373.6,137.8,243,157,537.9,189,133,322,321.2,89.1,58.9,113.2,235.6,496.8,225,215.1,440.1,3491.6,838.1,46,85,969.2,118.5
Feb-1998,940.6,88.9,207.8,1237.3,129.7,213.7,145,488.4,159.6,112.4,272,237.1,89.3,49.5,105.7,224.4,469,188.6,191.2,379.9,3083.5,748.4,43.9,81.9,874.2,111.9
Mar-1998,1003.8,94,214,1311.9,138.2,244.7,158.6,541.5,175.6,115,290.6,278.7,97.1,53.3,116.5,219.1,486,208.5,198,406.5,3315.2,797.6,47.1,86.8,931.4,117.1
Apr-1998,995.6,93.8,218.9,1308.3,133.1,231.2,145.9,510.2,202.3,128.2,330.5,328.4,86.4,56,112.5,242.2,497.1,198.7,172.3,370.9,3345.4,803.3,46.5,86.8,936.6,109.1
May-1998,1006.6,94.6,219.3,1320.5,147.1,242.7,146.8,536.6,236.7,130.9,367.6,340.5,90.8,52.4,114.4,239.6,497.2,228.2,167.1,395.4,3457.8,816.3,49.7,84.4,950.4,122.4
Jun-1998,962.9,87.7,212.4,1263,145.4,243.4,140.2,528.9,203.8,123.2,327,279.1,89.4,54.2,114.5,230.5,488.6,207.1,169.2,376.3,3263,787.9,44.5,84.6,917,120.7
Jul-1998,1007.7,87.1,216.7,1311.6,162.6,240.8,135.8,539.2,211.7,136.1,347.8,364.2,85.9,60.6,124.8,240.5,511.9,226.8,174.5,401.4,3476.1,843.3,52.7,95.5,991.5,130.4
Aug-1998,1003.3,84.3,211.9,1299.6,149.1,223.3,141.7,514.1,198,125.4,323.4,291.5,83.3,54.7,122,233.9,494,221.6,160.7,382.3,3304.9,827.1,52.6,89.9,969.5,124.6
Sep-1998,999.1,85.3,218.6,1302.9,147.1,212.7,158.7,518.5,206.1,138.6,344.7,324,87.9,56.3,131.9,242.7,518.8,228.9,159.5,388.4,3397.4,826.6,53.8,88.7,969.1,134.2
Oct-1998,1109.4,101.7,223.4,1434.4,158.1,216.2,148.4,522.6,226.9,140.6,367.5,345.4,80.3,61.7,143.4,227.3,512.7,262.5,172.2,434.7,3617.3,897.8,51.6,94.5,1043.9,136.9
Nov-1998,1041.8,103.9,209.4,1355.1,172.7,210.8,148,531.6,211.5,145,356.5,393.1,85.7,67.2,137.4,243.9,534.2,266.7,166.3,433,3603.4,864.2,60,84.8,1008.9,132.5
Dec-1998,1186.6,150.6,247.8,1585,175.7,325.7,183,684.4,333.9,199.1,533,691.3,102,107.4,170.6,337.8,717.8,279,180,459,4670.5,987.1,93.8,109.9,1190.8,150.9
Jan-1999,1104.6,91.5,219.7,1415.9,150.3,239.8,133.1,523.2,199.8,141.6,341.4,338.7,80,60.4,142.9,211.2,494.4,287.9,173.3,461.2,3574.8,918.8,56.7,84.6,1060.1,121.7
Feb-1999,1001,84.4,206.9,1292.3,126.6,207.5,120.5,454.6,167.4,111.9,279.3,252.2,83,49.4,135.8,197,465.2,270,149.6,419.6,3163.1,828.9,54.1,80.7,963.8,117.8
Mar-1999,1108.9,96.6,218.4,1423.9,149.4,212,132.2,493.6,193.6,116.1,309.7,303,96.3,55.6,158.4,194.3,504.6,299.9,164.8,464.7,3499.5,909.4,59.3,93.3,1062,137.1
Apr-1999,1043.4,92.1,226.4,1361.8,140.4,219.4,126,485.8,227.1,133.2,360.3,339.1,83.9,56.2,152.7,218.5,511.3,312.6,158,470.6,3528.9,865.8,54.2,100.1,1020.2,128.5
May-1999,1060.1,92.1,217,1369.2,159.4,217.4,141,517.8,230.6,127.8,358.4,349,84.1,53.2,157.7,222.6,517.6,332.2,160.8,493,3605.1,879.6,56.3,94,1029.9,143.5
Jun-1999,1029.5,86.6,215.4,1331.5,159,224.8,135,518.8,219.2,114.6,333.8,298.6,84,56.8,159.7,195,495.4,286.7,157.3,444,3422.2,843.8,53.8,92.7,990.3,142.7
Jul-1999,1080.8,97.5,227.7,1405.9,167.1,225.7,143.7,536.5,227.3,123.5,350.8,367.8,91.8,59.6,165.2,215.2,531.8,238.5,151.8,390.4,3583.1,909.8,56.7,102.4,1068.9,149.4
Aug-1999,1058.5,93.9,223.5,1376,172.6,232.7,144.4,549.7,224.6,122.1,346.7,309,89.4,58.9,162.2,222.7,533.2,247.4,159.6,407.1,3521.7,880.7,56.3,98.5,1035.5,148.7
Sep-1999,1074.3,100.1,228.3,1402.6,186.2,226.7,171.7,584.6,232.9,125.8,358.7,342.7,89.3,64.4,166.7,232.6,553.1,256.1,163.8,419.8,3661.6,890.8,60.6,97.1,1048.5,151.2
Oct-1999,1125.5,107.4,230.6,1463.5,189.7,233,185.5,608.2,246.9,128.6,375.5,361.2,82.2,60.4,168.1,236.7,547.4,258.7,166.1,424.8,3780.5,931.8,65.7,98.2,1095.7,167.6
Nov-1999,1095.8,108.3,226,1430.1,187.8,236.8,167.9,592.5,261.3,138.2,399.5,418.6,87.3,66.9,174.5,252.2,580.9,262,164.9,426.9,3848.4,914.7,69.1,95.9,1079.8,166.8
Dec-1999,1269.4,159.8,284.5,1713.6,200,349.3,200.7,750,396.3,195,591.3,733.3,108.2,102.4,217.2,364.6,792.4,312.4,164.4,476.9,5057.4,1057.9,110,126.4,1294.3,178.7
Jan-2000,1130.1,96.8,185.8,1412.7,175.9,217.3,169.7,562.9,212.8,135.4,348.3,323.6,79.8,63.1,144.6,219.2,506.7,271.5,156.2,427.7,3581.9,930,54.8,88.9,1073.7,135.7
Feb-2000,1072.7,94.9,183.1,1350.8,177.1,221.5,163.2,561.7,172.9,117.1,290,276.6,84.8,56.2,144.3,215.2,500.5,259.4,142.6,402,3381.7,886,56.7,88.2,1031,110.6
Mar-2000,1145.4,97.5,186.9,1429.8,189.5,225.1,167.6,582.3,215.3,124.6,339.9,315.1,90.8,60.6,161.6,221,533.9,282.5,155.2,437.8,3638.8,950.5,60.6,98.4,1109.5,137.5
Apr-2000,1099.2,101,176.9,1377,173.7,205.4,148.7,527.9,218.5,119.5,338,351.1,81.2,59.4,152.9,212.6,506.1,277.6,161,438.5,3538.7,904,56.5,85.2,1045.7,126.2
May-2000,1099.9,97.7,172.2,1369.8,192,250.8,161.4,604.2,241.7,135.1,376.8,372,96.3,62,167.7,228.6,554.7,277.9,157.3,435.3,3712.8,921.2,54.5,86.7,1062.4,139.1
Jun-2000,1090.3,106.2,176.8,1373.3,244.1,301.9,188.5,734.5,269,145.2,414.1,408.6,84.2,69.2,171.8,239.4,564.6,270,163.3,433.3,3928.5,910.9,62.8,85.3,1059.1,177.2
Jul-2000,1108.6,96.9,169.9,1375.4,166,230.6,158.3,554.9,197.5,110.9,308.4,294.7,105.6,57.3,150.3,201,514.2,289,192.1,481,3528.6,930.4,57.6,95.6,1083.7,125
Aug-2000,1154.3,105.7,171.9,1431.9,187,246.7,174.5,608.2,207,113.9,321,353.9,99.2,61.8,168.3,211.4,540.7,289.4,191.6,481,3736.8,949,62.1,98.3,1109.3,138.2
Sep-2000,1146.6,113.8,169.3,1429.7,177.8,236.1,193.2,607.1,279.8,136,415.9,381,91.6,68.1,163.8,241.1,564.7,389.4,204.1,593.5,3991.7,928.9,60.6,99.4,1088.9,142.3
Oct-2000,1179.7,113.3,153.4,1446.4,185.9,254.4,194.5,634.8,227.3,141.7,369,374.7,93.4,64.2,158.7,253.9,570.2,339.8,220.4,560.1,3955.3,958.1,67.3,91.3,1116.7,158
Nov-2000,1176.8,117.3,150.9,1445,189,271.1,209.7,669.8,232.5,141.1,373.5,431,100.5,71.1,165.5,261.2,598.3,320.9,196.4,517.3,4034.9,988.1,75.7,90.6,1154.4,164.6
Dec-2000,1347.3,175.9,174.9,1698.2,209.2,388,266.3,863.4,363.5,200.5,564,774.2,111.8,110.4,208.8,362.6,793.7,354.4,218.7,573.2,5266.6,1127.9,114.9,115,1357.7,183.3
Jan-2001,1200.8,122.6,151,1474.4,166.7,274.9,209.6,651.2,208.3,138.3,346.5,340.1,96.7,69.7,152,244.9,563.3,343.4,214,557.4,3932.9,994.3,65.3,94.3,1153.9,160.8
Feb-2001,1123.9,106.4,142.9,1373.2,148.5,251.1,185.2,584.8,170,118.9,288.9,279,102.3,61.6,142.1,236.1,542.1,307.6,193.8,501.4,3569.5,938.6,62,89.2,1089.7,149.1
Mar-2001,1241.5,119.6,157.5,1518.6,168.5,261.7,202.2,632.4,218.2,130.8,349,346.6,110.4,67.2,155.9,249.7,583.3,350.9,218.2,569.1,3999,1036.9,70.1,101.3,1208.3,167.3
Apr-2001,1208.6,111.7,179.2,1499.6,171.9,230.5,200,602.4,248.1,136.5,384.7,360.5,88.3,63.7,153.8,263.4,569.1,316.7,185.2,501.9,3918.2,962.3,67,106.7,1135.9,156
May-2001,1246.4,112.1,172.6,1531.1,179.4,257.5,200.3,637.3,274.9,141.9,416.8,403.2,91.9,59.7,166.5,268.1,586.2,335.2,177.7,512.9,4087.5,987.5,69.6,95.4,1152.5,168.3
Jun-2001,1211.1,107,173,1491.1,188,266.9,200.3,655.1,243.3,130.2,373.5,342.1,92.2,60.4,161.1,248.9,562.6,296.4,183.3,479.8,3904.2,951.9,65.9,95.6,1113.4,176.4
Jul-2001,1220.1,102.6,188.3,1511,184.1,276.9,193.6,654.6,231.7,135.4,367.1,388.5,97,64.2,175.9,253.3,590.3,316.5,188.6,505.2,4016.7,985.1,62.5,90.1,1137.8,187.7
Aug-2001,1274,106.5,191.7,1572.2,175.2,271.8,211.4,658.4,215.5,133.5,349,334.4,101.2,61.8,183.9,266,613,315.5,187.6,503,4030,1031.5,62.8,94.2,1188.5,183.3
Sep-2001,1249.7,109.3,189.3,1548.3,172.2,243.1,218.2,633.4,234,135.6,369.5,355.4,88.4,62.9,169.1,262.2,582.6,307.5,188.1,495.6,3984.9,989.2,64.1,90.5,1143.8,172.6
Oct-2001,1300.1,121.5,218.8,1640.4,181.3,254.8,236.3,672.4,249.2,150.2,399.4,398.4,94.7,60.8,174.4,291.6,621.6,306,204.5,510.5,4242.6,1038.4,71.1,99.3,1208.9,193.6
Nov-2001,1313.9,131.2,218.1,1663.2,185.5,292.2,230.6,708.4,256.4,160.4,416.9,468.1,99.4,72.8,179.6,316.8,668.6,301.6,190.6,492.3,4417.4,1058.9,77,106.4,1242.3,189.1
Dec-2001,1433.8,191.9,243,1868.8,197.2,414.3,291,902.5,381.7,227.4,609.2,805.6,116.8,110.5,210.4,445,882.9,321.8,218.9,540.7,5609.6,1148.6,119.1,131,1398.8,214.1
Jan-2002,1353.9,124.8,230.5,1709.3,176.3,289.7,219.9,685.9,258.3,151.1,409.4,357.6,94.9,64.3,158.9,268.6,586.7,266,229.4,495.4,4244.3,1060.3,68.7,107.3,1236.2,202.8
Feb-2002,1215.4,111.6,210.4,1537.5,152.2,234.5,196.6,583.3,214.2,129.1,343.3,297.1,95,54.2,154.9,248.4,552.5,251.1,182.1,433.2,3747,965.6,60.9,98.2,1124.6,175.4
Mar-2002,1350.8,125.5,216,1692.4,167.2,253.3,218.7,639.2,246.6,138.5,385.1,358.7,106.7,62.2,165.2,272.4,606.5,264,207.3,471.3,4153.2,1082,70.4,110.3,1262.7,179.8
Apr-2002,1272.7,113.2,212.6,1598.5,185.5,264.1,216.8,666.4,237.1,139.9,376.9,372.6,102.8,60.2,184,261.5,608.5,270.3,205.4,475.7,4098.6,1000,60.1,105.1,1165.3,205.4
May-2002,1337.3,115.5,226.1,1678.8,190.7,312.6,205.5,708.9,266.2,153.7,419.9,430.6,105,64.4,190.1,283.1,642.5,283.9,198,482,4362.7,1064.4,63.6,112.3,1240.3,199.9
Jun-2002,1257.2,110.2,213.6,1581,187.6,310.7,198.2,696.6,225.5,136.4,361.9,389.2,96.9,63.4,173.6,254.4,588.4,265,194.9,459.9,4076.9,997.9,58.6,103.8,1160.3,200.5
Jul-2002,1266.6,123.6,272.8,1663,223.2,292.7,233.9,749.8,230.7,138.1,368.8,369.4,99.7,68.6,198.9,265.3,632.5,271.8,209.4,481.2,4264.8,1061,66.6,93.3,1220.9,194.6
Aug-2002,1324.9,122.6,268.3,1715.8,217.5,296.6,246.2,760.3,230.1,142.6,372.7,375.5,111.7,71.1,198.6,284.9,666.3,283.2,202.9,486.1,4376.7,1101.1,70.3,92.4,1263.9,190.2
Sep-2002,1262,124.9,272.3,1659.2,214.6,274.2,259.8,748.6,237.8,149.2,387,372.9,95.4,67.2,193,291.2,646.7,270,200.6,470.6,4285.1,1047.3,69.9,94.3,1211.5,190.1
Oct-2002,1375.9,143.4,251,1770.3,218.7,295.2,277.3,791.2,262.7,155.9,418.5,426.3,85.5,71.4,188,299.7,644.7,265.2,218.5,483.7,4534.9,1131.7,74,104.8,1310.5,203.5
Nov-2002,1369.5,154.5,249.8,1773.8,224.3,322.4,294.3,841,279.7,168.9,448.6,517.1,90.2,85.3,196.6,332,704.2,265,204,469,4753.7,1149.3,80.6,102.6,1332.4,207.4
Dec-2002,1484,199,289.3,1972.3,240.7,447.3,341.9,1030,400.1,233.2,633.3,814.6,110.2,126.2,237.3,454.8,928.5,292.8,229.8,522.6,5901.4,1225.5,120.1,120.5,1466,237.2
Jan-2003,1420.9,142.6,241.6,1805.1,199.3,314.1,247,760.4,247.4,149.4,396.8,377.2,88.6,71.1,182.3,271.8,613.9,272.7,226,498.7,4452.1,1177.7,75.5,97.9,1351,190.9
Feb-2003,1286.8,124.6,220.6,1632.1,185.7,263.1,229.3,678.1,196.6,131.3,327.9,307.8,86.8,59.2,177.1,261.3,584.4,249.8,181.8,431.7,3961.9,1062.9,68.8,88.3,1220,169
Mar-2003,1400.3,134.6,235.7,1770.6,202.7,279.9,250.3,733,238.5,137.3,375.8,373,96.6,62.8,191.7,266.7,617.8,277.9,201.9,479.8,4349.9,1149.7,72.7,95.5,1317.9,196
Apr-2003,1355.7,135.6,216.9,1708.1,208.8,266.1,241.6,716.5,258.1,145.6,403.7,427.1,86.4,63.3,199.4,275.8,624.9,270.9,227.6,498.6,4379,1119.3,75.2,96.5,1291.1,209.4
May-2003,1399.6,133.6,212.1,1745.4,221.2,301,247,769.2,263.2,152.5,415.7,424.9,90.8,64.6,216,287.3,658.7,285.2,230.6,515.8,4529.7,1158.3,74.1,98.7,1331.1,220.3
Jun-2003,1286,133.8,203.5,1623.3,223,300.3,258.7,781.9,248.9,146.4,395.4,418.5,87.2,69.4,207.1,277.5,641.1,254.9,219.4,474.2,4334.4,1057.4,73,95,1225.4,229.1
Jul-2003,1376.2,130,232.7,1738.9,228.3,297.2,271.3,796.9,235.4,151,386.4,397.4,105.4,73.1,217.6,285.4,681.6,268.5,234.4,502.9,4504,1138,77.4,104.6,1320,218.9
Aug-2003,1383,131.7,228.2,1742.9,223.1,289.3,291.1,803.6,231.3,148.5,379.8,375.8,110.4,71.4,208.9,297.1,687.8,298.5,237.9,536.4,4526.3,1140.7,76.3,106.3,1323.3,205.7
Sep-2003,1359.6,138.8,223.8,1722.3,229.5,282.4,312.7,824.5,248.1,161.1,409.2,421.5,108.9,72.1,211.5,314.4,706.8,296,233.2,529.3,4613.6,1106.6,78.2,109.4,1294.3,219.2
Oct-2003,1461.5,150,240.7,1852.3,237.1,320,324.6,881.7,268.6,168.3,436.9,450.5,101.7,79,245.2,323,748.9,321.8,254.5,576.4,4946.6,1189.4,80.8,111.7,1381.9,227.7
Nov-2003,1435.1,160.2,242.7,1838,241.2,326.3,315.2,882.7,283.9,180.9,464.8,526.5,109.5,88.7,240.4,346.5,785.1,324.6,241.3,565.9,5062.9,1174.9,87.8,108.2,1370.9,227
Dec-2003,1595.3,220.5,263.7,2079.5,258.3,470.1,360.8,1089.1,415.9,240.5,656.5,843.2,136.1,130.8,286.6,456,1009.5,366.1,272.4,638.4,6316.2,1301.2,135.6,125.9,1562.7,253.5
Jan-2004,1533.8,143,231.3,1908.2,204.4,345.1,258.9,808.4,271.5,153.4,424.9,408.4,92.3,78,218.2,268.5,656.9,318.3,265.9,584.2,4791.1,1244.3,85.7,122,1452,222.6
Feb-2004,1413.3,128.7,215.4,1757.4,189.7,291.5,246.5,727.7,220.4,132.5,352.8,338.5,91.9,70.1,213.5,256.8,632.3,314.8,230.3,545.1,4353.8,1158.3,81.5,114.6,1354.4,202.2
Mar-2004,1472.1,140.8,228.6,1841.5,212.2,312.7,260.9,785.8,241.9,143,384.9,384.5,109.2,76.3,240.5,270.7,696.7,342.2,242.6,584.8,4678.1,1217.2,87.3,117.3,1421.8,220.6
Apr-2004,1469.1,141.5,234.5,1845.1,196.2,286.8,249,732,260.8,137,397.9,433.9,93.8,67,232.3,250.9,643.9,353.7,267,620.8,4673.5,1185.5,83.5,126.4,1395.4,192.5
May-2004,1475.3,133,221.4,1829.8,217.8,306.1,256.5,780.4,290.1,150.9,441,445.4,100.6,67.6,247.9,266.4,682.5,328.8,264.1,592.9,4772,1176.9,81.2,121.1,1379.2,196.1
Jun-2004,1412.5,133.4,218.5,1764.4,214.5,331.7,257.4,803.6,279.6,145.3,424.9,471.8,95.4,72.5,237.9,255.2,661,296.1,255.1,551.2,4677,1141.2,78.5,120.9,1340.5,205.4
Jul-2004,1508.5,138.4,224.6,1871.5,222.8,346.8,275.4,845.1,250.6,149.7,400.3,441.2,103.1,78.6,241.7,261,684.4,314.5,274.4,588.9,4831.4,1192.3,79.2,119.5,1391,212.5
Aug-2004,1476.3,135.9,228.2,1840.4,209.2,325.7,269.8,804.7,234.9,146.4,381.3,400.2,101,72.3,243,263.9,680.2,313.7,259.2,572.9,4679.7,1156.2,79.3,116.7,1352.2,218.7
Sep-2004,1490.9,142,226.1,1858.9,220,320.2,279.8,820,264.3,155.6,419.9,453.5,99.3,73.8,245.2,276.3,694.6,328.7,265.7,594.5,4841.5,1168,80.3,118.7,1367,213.5
Oct-2004,1542.3,148.2,236.4,1926.9,230.4,356.7,307.3,894.4,274.1,163.9,438.1,462.7,97,79.1,234.2,291.2,701.5,323.5,273.9,597.3,5021,1226,90.4,132,1448.4,235.7
Nov-2004,1513.4,153.7,248.1,1915.2,237.5,381.9,323.9,943.3,284.9,168.7,453.5,535.5,102.6,83.9,231,304.8,722.3,320.6,254.3,574.9,5144.6,1212,91.3,130.2,1433.5,241.6
Dec-2004,1717.9,226.9,296.5,2241.3,259.4,528.4,361.1,1148.9,426.2,229.4,655.6,860.9,142.2,125.1,268.1,427,962.4,367.6,280.5,648.1,6517.2,1385.4,144.9,154,1684.3,254.1
Jan-2005,1535.2,145.7,239.3,1920.2,228.3,365.5,281.8,875.5,280,165.8,445.8,424.7,103.2,77.7,185.8,279.4,646,314.4,260.6,575,4887.2,1207.2,76.4,131.7,1415.3,225.9
Feb-2005,1416.9,139.3,225.1,1781.3,199.7,318.5,250.6,768.8,215.5,136.7,352.2,350.4,99.6,64.4,187,255.7,606.7,284.7,233.7,518.4,4377.8,1122,75.7,125.7,1323.4,212.6
Mar-2005,1555.3,155.9,247.7,1958.9,200.5,335.7,274.1,810.3,272.8,147.6,420.4,448.4,101.7,71,204.5,268.3,645.5,292.4,249,541.4,4825,1243.4,87.5,143.6,1474.4,218.6
Apr-2005,1481.8,149.3,244.5,1875.7,204.3,340.3,270.3,814.9,263,141.5,404.5,386.5,94.6,70.7,199.5,260.6,625.4,315,252.6,567.6,4674.5,1200.1,86.9,143.2,1430.2,232.2
May-2005,1473,143.1,242.9,1859,215.8,366.7,268.2,850.8,296.8,145.8,442.6,430.9,96.4,70,202.3,260.1,628.9,304.5,249,553.5,4765.7,1209,82.8,119.6,1411.3,243.3
Jun-2005,1452,142.8,238.6,1833.4,227,376.5,264,867.5,292.6,144.1,436.7,491.3,93.1,74.8,204.4,254.4,626.6,297,251.1,548.1,4803.5,1171.4,82.6,116.4,1370.4,249.4
Jul-2005,1546.2,144.4,245.9,1936.5,232.9,362,266.9,861.8,261.4,140.5,401.9,426.1,99,73.4,196.9,249.9,619.2,293.7,282.5,576.3,4821.7,1222.6,92.1,120.6,1435.3,237
Aug-2005,1553.4,150.3,251.9,1955.6,223.5,353.9,298.6,876.1,252.1,144.3,396.4,407.8,96.1,72.3,198.7,262.4,629.5,278.6,262.6,541.2,4806.6,1214,94.9,123.4,1432.3,231.1
Sep-2005,1545.8,157.6,246.8,1950.3,225.3,352.7,303.1,881.1,276.5,152.3,428.8,435.8,94,73.9,188.7,269.9,626.5,306.1,267.6,573.6,4896.1,1215.2,94.7,129.2,1439.1,225.9
Oct-2005,1593.8,177.8,267.2,2038.8,218.6,348.6,329.4,896.6,287,158.2,445.2,444.7,91.9,73.7,192.2,277.8,635.5,333.3,299.8,633.1,5093.9,1268.4,85.9,134.7,1489,238
Nov-2005,1558.3,194.7,271.7,2024.6,227.6,381.5,345.6,954.7,301.8,162.5,464.3,525.1,96,80.4,200.3,303,679.7,335.9,293.3,629.2,5277.6,1259.3,95.3,132.8,1487.4,234.2
Dec-2005,1776.1,279.9,316,2372,247.8,568.4,395.2,1211.4,422.8,219.3,642,854.4,127.3,126.4,250.2,417.3,921.2,362.8,323.5,686.3,6687.5,1443.6,139.7,163.6,1746.9,255.4
Jan-2006,1585.2,171.9,287,2044,208.2,384.6,288,880.8,275.7,155.1,430.8,401.4,86.7,79.3,172.6,265.8,604.3,325.6,292.6,618.2,4979.4,1282.7,91,129.6,1503.3,228.9
Feb-2006,1480.1,157.6,265.7,1903.4,181.9,311,277.3,770.1,215.7,131,346.7,341.3,85.8,62.8,169.7,248.7,567,315.7,252.6,568.4,4496.9,1187.4,84.5,131,1402.8,218.4
Mar-2006,1635.1,174.7,291.5,2101.4,202.4,340.1,302.8,845.4,253.6,148.2,401.9,394.1,93.9,71.3,188.9,273.1,627.3,356,277.8,633.8,5003.8,1321.2,96.8,144.1,1562.1,242.3
Apr-2006,1582.7,172.2,268.2,2023.1,203.3,321,288.5,812.8,279.2,145.5,424.7,451.2,81.1,72.8,196.8,261,611.7,356.1,273.5,629.6,4953,1285.3,95.4,143.4,1524,229.9
May-2006,1572.3,173,261.7,2007,216.6,364.8,290.4,871.7,298,150.1,448.1,422.6,94.5,72.8,212.7,266.3,646.4,369.9,271.2,641.1,5036.8,1285,89.9,147,1521.9,243.2
Jun-2006,1557.4,164.7,253.6,1975.7,218.6,399.1,275.4,893.1,286.8,147.2,434,478.3,93.8,74.8,205.4,260.4,634.4,362.2,266.9,629.1,5044.5,1272,92.2,138.2,1502.4,256
Jul-2006,1591.7,171.1,264.8,2027.6,225.1,374.5,262.4,861.9,264.7,147.3,412.1,459.8,95.3,72.5,220,268.3,656.2,368.1,295.8,664,5081.7,1288.4,92.2,124.3,1504.9,262.5
Aug-2006,1636,173.6,273.6,2083.2,220.6,357.9,272.9,851.4,265.1,146.7,411.9,403.6,99.2,73.9,225.6,275.9,674.6,367.2,289.6,656.8,5081.5,1321.1,96.9,127.8,1545.8,269.1
Sep-2006,1614.7,181.7,269.1,2065.5,224,362.7,279.7,866.4,295.8,154,449.8,408,92.1,76.4,220.3,278.2,667,377.1,284.8,661.9,5118.6,1295.8,98.5,127.6,1522,265.5
Oct-2006,1677,189.3,289.6,2155.9,234.1,383.1,299.3,916.5,317.5,158,475.5,444.7,91.5,87.6,214.3,284.1,677.6,408.4,273.7,682.1,5352.2,1390.2,94.3,145.1,1629.6,278.5
Nov-2006,1683.8,206.5,289.6,2179.8,236.3,417.8,313.3,967.3,326.7,159.5,486.2,532.3,97.5,94.4,226.5,299.2,717.7,416.2,274.1,690.3,5573.7,1381.9,98.6,146.6,1627.2,278.4
Dec-2006,1873,296.5,341.9,2511.5,258.9,618.5,341.6,1219,456.7,234.5,691.1,858.6,119.4,152.3,263.8,429.1,964.6,474.1,295.6,769.7,7014.5,1542.5,159.9,171.5,1873.8,295.8
Jan-2007,1684.4,191.2,304.6,2180.3,222.4,412.8,286.4,921.6,302.1,150.5,452.6,414.8,87.1,91.9,191.2,266,636.1,408,279.5,687.5,5293,1386.3,94,151.5,1631.8,269.6
Feb-2007,1557.4,179.7,288.8,2025.8,195.6,358.3,268.4,822.2,243.8,130.4,374.2,341.5,79.7,79.9,175.3,251.1,585.9,396.3,245.4,641.7,4791.5,1284.8,93,145.5,1523.3,232.5
Mar-2007,1740.8,194.9,311.3,2247,216.5,410.5,286.6,913.6,295.2,144.5,439.8,434.4,95.4,91.3,199.6,269.9,656.2,441.4,275.6,717,5408,1414.6,102.7,153.8,1671,247.3
Apr-2007,1649.9,191.4,307.1,2148.4,218,364.7,260,842.7,299.8,145.8,445.6,433.7,79.4,80.6,198.8,261.7,620.6,424.2,272.4,696.6,5187.5,1343.1,90.5,168.4,1601.9,230.1
May-2007,1678,183.3,304,2165.3,234.8,392.5,273,900.3,311.2,154.8,466,447.4,80.7,82.3,212.2,273.7,648.8,416.1,272.5,688.6,5316.4,1361.2,88.6,165.2,1615.1,248.1
Jun-2007,1642,173.5,279.5,2094.9,238.3,439.7,248.5,926.5,332.7,148.6,481.4,493.2,78.3,88.5,209.3,254.8,631,418.5,276.2,694.7,5321.7,1326.2,87.5,167.5,1581.2,264.5
Jul-2007,1695.7,182.1,300.1,2177.9,250.1,422.8,259.7,932.6,303.3,153.4,456.6,476,89.7,87.7,227.8,275.2,680.4,400.7,303.8,704.5,5428,1326.3,89.7,175,1590.9,250.7
Aug-2007,1762.9,189.9,308.5,2261.2,251.3,426.7,272.2,950.1,286.2,155,441.2,427.2,91.8,91.6,242.6,290.4,716.5,437.9,303.8,741.7,5538,1381.5,90.3,174.1,1645.8,260.2
Sep-2007,1740.8,204.4,296.2,2241.5,247.6,420.5,293.6,961.8,298,165.2,463.2,444.7,84.6,95.3,220.5,306.7,707.1,426.2,292.8,719,5537.3,1334,97.1,171.3,1602.4,242.7
Oct-2007,1853.8,204.5,276.8,2335.1,282.6,420.4,294.9,997.9,342.2,178.7,520.9,476.5,93.9,102.1,241.8,309.8,747.6,402.1,304.4,706.5,5784.4,1381.8,103.5,186.9,1672.2,247.7
Nov-2007,1897.1,217.3,272,2386.4,291.3,477.5,294.3,1063.1,346.3,179.7,526,553.1,95.5,110.1,255.9,324.3,785.8,413.7,299.2,712.9,6027.4,1420,109.1,181.3,1710.4,264
Dec-2007,2054.7,309.9,322.6,2687.2,325.4,704.6,339.3,1369.4,490.6,251.8,742.4,902.3,124.1,177.7,315.9,472,1089.6,441.5,319.6,761.1,7552,1566.6,154.3,220.8,1941.8,276.7
Jan-2008,1849.9,214.9,239.7,2304.5,282.3,472.2,263,1017.5,335.3,174.9,510.3,459,97.2,104,229.5,285.9,716.6,364.5,293.7,658.2,5666.2,1460,104.4,170.2,1734.7,262.4
Feb-2008,1747.1,184.3,229.9,2161.4,262.8,403.9,246.2,912.9,271.6,157.1,428.7,368.7,102.1,87.9,226.7,286.8,703.4,357.2,284,641.2,5216.4,1369.3,88.6,171.9,1629.8,227.4
Mar-2008,1881.1,210.3,241.3,2332.6,255.8,410.8,255.2,921.7,288.4,154.6,443,436.7,103.2,93.3,241.1,275.3,712.9,366.4,300.2,666.6,5513.5,1467.1,98,176.3,1741.4,220.3
Apr-2008,1737.5,200.4,223.8,2161.8,254.9,437.9,240.2,932.9,350.2,151.8,502.1,465.3,96.5,92.3,247.5,257.2,693.4,363.9,297.5,661.4,5416.9,1381.3,91.2,169.9,1642.4,216.3
May-2008,1827.4,196.9,234.7,2259.1,261.2,445.4,239.6,946.2,357.6,166,523.6,458.5,100.7,91.6,266.1,285.8,744.2,353.7,303.1,656.9,5588.5,1425.8,92.1,170.8,1688.7,230.1
Jun-2008,1729.5,195.4,221.4,2146.3,256.4,493.4,226.9,976.7,319.8,150.4,470.2,459.3,90.4,89.1,249.1,259.7,688.3,343.5,291.7,635.2,5376.1,1332.8,91,161.8,1585.6,249.2
Jul-2008,1789.9,179.5,238,2207.4,261.1,455.4,238.7,955.3,329.7,152.4,482,499.8,103.5,83.4,266.6,261.2,714.7,333.2,306.2,639.4,5498.5,1419.8,92.2,174,1686,227
Aug-2008,1822.2,176.8,250,2249.1,253.9,451.8,253.1,958.8,310.5,150.1,460.6,399.2,102.9,85.1,266,273.4,727.4,349.2,302.7,651.9,5446.9,1455.3,99.9,179.7,1734.9,226
Sep-2008,1729.8,179.2,243.7,2152.6,250,433.9,271.3,955.2,325.5,157.7,483.1,451.3,98.2,84.3,256.6,275.2,714.3,330.3,285.1,615.4,5371.9,1392,102.8,183.2,1678,212.9
Oct-2008,1875.8,214.1,250.6,2340.5,272.4,459.7,283.1,1015.2,341.9,173.7,515.5,464.4,96.6,99.6,259.6,300.5,756.3,357.3,314.4,671.7,5763.7,1520,121.3,193.9,1835.2,224.3
Nov-2008,1899.4,222.8,254.7,2376.9,275.9,484.7,299,1059.6,351.7,179.4,531.1,539.3,96.1,108,262.7,323.5,790.2,350.7,297.6,648.4,5945.4,1548,135.9,191.5,1875.4,219.4
Dec-2008,2121.2,310.8,320.6,2752.6,308.3,782.7,360.2,1451.2,535.3,251.8,787.1,934.3,126.6,186.4,311.3,457.3,1081.5,377.4,349.8,727.2,7733.9,1710.8,204.4,247.8,2163,230
Jan-2009,1988.7,242.9,236.1,2467.7,299.2,492.8,289.3,1081.2,360.8,184.6,545.4,469.0,96.3,101.7,236.1,290.8,725.0,365.8,336.7,702.5,5990.9,1651.5,134.9,165.5,1951.9,209.8
Feb-2009,1758.5,194.0,222.5,2174.9,258.9,405.5,249.6,914.0,280.3,158.9,439.1,341.9,99.5,83.2,228.7,285.2,696.6,339.0,284.4,623.3,5189.9,1494.2,123.0,168.0,1785.2,174.0
Mar-2009,1928.8,215.0,243.3,2387.1,274.1,443.7,272.1,989.9,333.3,177.2,510.5,433.0,106.6,95.5,252.6,300.6,755.4,356.9,318.2,675.1,5751.0,1624.8,128.1,189.8,1942.7,212.8
Apr-2009,1878.4,213.6,241.6,2333.6,278.1,427.0,272.9,978.0,375.8,174.4,550.1,497.7,85.2,101.5,245.2,294.4,726.3,387.6,322.3,709.9,5795.8,1598.7,116.6,200.0,1915.3,206.8
May-2009,1896.7,211.3,238.4,2346.5,289.8,460.7,279.4,1029.9,409.1,188.9,598.0,492.7,89.7,99.3,257.5,304.9,751.5,397.3,327.9,725.3,5943.7,1618.7,122.6,187.9,1929.1,211.8
Jun-2009,1806.5,206.0,230.6,2243.0,314.3,527.9,267.8,1109.9,379.5,166.1,545.7,489.7,88.1,92.7,253.7,292.5,727.0,373.4,310.7,684.1,5799.4,1528.1,115.1,180.2,1823.5,229.9
Jul-2009,1876.0,201.4,237.1,2314.5,273.0,485.8,273.1,1032.0,357.0,159.1,516.1,492.9,90.2,99.1,286.0,305.3,780.5,402.0,346.7,748.7,5884.7,1578.1,122.1,177.6,1877.8,240.3
Aug-2009,1905.5,208.7,245.2,2359.5,275.7,464.2,307.7,1047.7,343.8,165.8,509.7,424.4,93.9,95.0,273.7,289.1,751.8,419.8,348.7,768.5,5861.6,1590.9,121.6,180.9,1893.5,231.4
Sep-2009,1871.8,206.1,241.0,2319.0,269.2,428.3,318.2,1015.7,364.3,171.9,536.2,459.9,85.8,100.8,269.4,296.2,752.3,414.3,354.9,769.2,5852.2,1546.8,129.1,185.4,1861.3,220.0
Oct-2009,2012.9,218.7,266.2,2497.8,279.6,463.0,333.5,1076.1,377.7,206.4,584.1,494.0,87.0,106.8,294.3,298.5,786.6,493.4,380.5,873.9,6312.5,1645.9,143.0,191.2,1980.1,243.4
Nov-2009,2110.9,236.5,275.7,2623.0,284.8,513.8,324.0,1122.6,409.4,209.7,619.1,558.8,85.8,111.1,289.9,320.7,807.5,499.5,367.4,866.9,6597.9,1681.7,145.6,194.1,2021.4,244.6
Dec-2009,2264.0,326.7,342.2,2932.9,327.4,731.1,347.2,1405.7,583.6,360.9,944.5,899.8,123.7,200.9,352.1,408.4,1085.1,557.1,424.0,981.0,8249.2,1810.6,198.8,273.7,2283.1,293.0
Jan-2010,2051.8,234.5,255.5,2541.8,309.5,491.9,307.2,1108.7,314.7,219.7,534.4,491.3,86.7,97.6,255.6,265.8,705.7,427.6,409.7,837.2,6219.1,1670.1,134.8,156.3,1961.2,242.9
Feb-2010,1815.5,199.8,215.6,2231.0,270.3,392.7,270.4,933.4,242.3,183.0,425.3,354.1,102.1,74.5,254.3,239.5,670.4,420.6,342.8,763.3,5377.6,1483.9,117.0,149.5,1750.5,227.2
Mar-2010,2015.1,223.7,229.8,2468.7,285.3,428.8,308.2,1022.3,297.9,193.1,491.0,443.7,112.2,88.2,297.7,266.9,765.0,468.7,363.6,832.3,6022.9,1617.4,138.2,170.1,1925.8,239.1
Apr-2010,1948.4,223.6,214.6,2386.6,259.9,432.7,294.9,987.5,319.5,185.2,504.7,447.4,98.9,88.7,252.1,259.9,699.6,413.1,389.7,802.8,5828.6,1575.3,125.6,163.5,1864.4,211.1
May-2010,1985.6,214.9,224.8,2425.3,285.1,465.6,309.3,1059.9,362.4,204.4,566.9,471.7,103.7,83.4,272.0,271.9,731.1,427.4,383.8,811.3,6066.2,1588.0,124.4,157.1,1869.6,220.6
Jun-2010,1884.8,207.9,205.9,2298.6,303.6,516.5,301.5,1121.6,336.6,185.8,522.4,512.6,109.9,83.3,277.4,259.5,730.1,408.8,387.0,795.8,5981.1,1498.3,120.9,152.1,1771.3,259.8
Jul-2010,2031.7,208.5,198.9,2439.1,296.4,476.7,302.6,1075.7,325.0,202.4,527.5,499.4,122.6,90.7,279.9,267.5,760.7,462.4,423.5,885.9,6188.3,1602.6,132.3,160.0,1894.9,256.4
Aug-2010,2008.6,215.0,203.5,2427.1,293.4,472.7,325.3,1091.4,317.5,183.5,501.0,419.6,128.5,85.0,289.2,275.9,778.6,493.2,403.4,896.6,6114.2,1572.6,135.2,156.9,1864.7,248.5
Sep-2010,1980.0,226.7,203.5,2410.1,278.0,438.1,356.2,1072.2,339.8,202.2,542.0,465.3,119.9,91.3,282.2,277.5,770.9,469.0,412.5,881.5,6142.0,1548.9,143.5,162.2,1854.6,249.6
Oct-2010,2071.2,241.5,214.6,2527.3,301.3,462.2,354.6,1118.1,323.6,169.9,493.4,470.4,132.7,104.3,304.8,277.7,819.5,453.7,415.2,869.0,6297.7,1661.9,161.2,171.0,1994.1,278.1
Nov-2010,2154.1,254.3,201.6,2610.1,306.6,490.7,356.4,1153.6,348.6,187.3,535.9,542.8,132.5,112.7,312.5,317.6,875.3,470.4,392.9,863.4,6581.2,1665.3,167.7,188.5,2021.5,291.0
Dec-2010,2352.2,384.8,252.2,2989.2,346.7,720.9,386.3,1453.9,524.2,346.7,871.0,887.5,183.2,200.3,374.5,398.0,1156.1,525.5,451.1,976.6,8334.2,1834.0,231.9,253.3,2319.3,334.1
